description,command,count,exact,status,diagnostic,uid,objective
Run the program and check the correct number of output lines,python source/create-dog-with-dictionary.py,7,true,false,Found 1 line(s) in the file or the output,nS+BKKonuI3r3x6z9BOXLw==,
Run the fibonaccicreator program and ensure that it produces a correct minimum number of lines with iterative tuple,cd fibonaccicreator && poetry run fibonaccicreator --number 1000 --approach iterativetuple,3,false,true,,2zdwxa4w1RzMTPppmcTgrA==,tuple
Run the fibonaccicreator program and ensure that it produces a correct minimum number of lines with iterative tuple,cd fibonaccicreator && poetry run fibonaccicreator --number 1000 --approach iterativetuple,3,false,false,Found 0 line(s) in the file or the output,p5K7+j/WnpdDSeiVoM6iFA==,tuple
Run the program and check the correct number of output lines,python source/create-dog-with-dictionary.py,7,true,false,Found 1 line(s) in the file or the output,mZPZSbWInH7C7NJAM+UA3w==,
Run the fibonaccicreator program and ensure that it produces a correct minimum number of lines with iterative tuple,cd fibonaccicreator && poetry run fibonaccicreator --number 1000 --approach iterativetuple,3,false,false,Found 0 line(s) in the file or the output,33x/IdA+veSNbwwV+sZAeg==,tuple
Run the fibonaccicreator program and ensure that it produces a correct minimum number of lines with iterative tuple,cd fibonaccicreator && poetry run fibonaccicreator --number 1000 --approach iterativetuple,3,false,false,Found 0 line(s) in the file or the output,b6vKWo8XetQV73efl+7ZIA==,tuple
Run the fibonaccicreator program and ensure that it produces a correct minimum number of lines with iterative list,cd fibonaccicreator && poetry run fibonaccicreator --number 1000 --approach iterativelist,3,false,true,,2zdwxa4w1RzMTPppmcTgrA==,list
Run the program and check the correct number of output lines,python source/create-dog-with-class.py,13,true,false,Found 0 line(s) in the file or the output,mZPZSbWInH7C7NJAM+UA3w==,
Run the fibonaccicreator program and ensure that it produces a correct minimum number of lines with iterative list,cd fibonaccicreator && poetry run fibonaccicreator --number 1000 --approach iterativelist,3,false,false,Found 0 line(s) in the file or the output,33x/IdA+veSNbwwV+sZAeg==,list
Run the fibonaccicreator program and ensure that it produces a correct minimum number of lines with iterative tuple,cd fibonaccicreator && poetry run fibonaccicreator --number 1000 --approach iterativetuple,3,false,false,Found 0 line(s) in the file or the output,wC69ew7NwVXVb1dj2hr23w==,tuple
Run the fibonaccicreator program and ensure that it produces a correct minimum number of lines with iterative list,cd fibonaccicreator && poetry run fibonaccicreator --number 1000 --approach iterativelist,3,false,false,Found 0 line(s) in the file or the output,b6vKWo8XetQV73efl+7ZIA==,list
Run the program and check the correct number of output lines,python source/create-dog-with-list.py,7,true,false,Found 1 line(s) in the file or the output,nS+BKKonuI3r3x6z9BOXLw==,
Run the fibonaccicreator program and ensure that it produces a correct minimum number of lines with iterative list,cd fibonaccicreator && poetry run fibonaccicreator --number 1000 --approach iterativelist,3,false,false,Found 0 line(s) in the file or the output,wC69ew7NwVXVb1dj2hr23w==,list
Run the program and check the correct number of output lines,python source/create-dog-with-class.py,13,true,false,Found 0 line(s) in the file or the output,nS+BKKonuI3r3x6z9BOXLw==,
Run the fibonaccicreator program and ensure that it produces a correct minimum number of lines with iterative list,cd fibonaccicreator && poetry run fibonaccicreator --number 1000 --approach iterativelist,3,false,false,Found 0 line(s) in the file or the output,p5K7+j/WnpdDSeiVoM6iFA==,list
Run the fibonaccicreator program and ensure that it produces a correct minimum number of lines with iterative tuple,cd fibonaccicreator && poetry run fibonaccicreator --number 1000 --approach iterativetuple,3,false,true,,Rc9Hc3YcbAwPRaxiorY2XA==,tuple
Run the program and check the correct number of output lines,python source/create-dog-with-list.py,7,true,false,Found 1 line(s) in the file or the output,mZPZSbWInH7C7NJAM+UA3w==,
Run the fibonaccicreator program and ensure that it produces a correct minimum number of lines with iterative list,cd fibonaccicreator && poetry run fibonaccicreator --number 1000 --approach iterativelist,3,false,true,,Rc9Hc3YcbAwPRaxiorY2XA==,list
