description,objective,command,fragment,count,exact,status,diagnostic,uid
Run the fibonaccicreator program and ensure that it produces a correct numerical output label,tuple,cd fibonaccicreator && poetry run fibonaccicreator --number 1000 --approach iterativetuple,1000th,1,false,true,,2zdwxa4w1RzMTPppmcTgrA==
Run the fibonaccicreator program and ensure that it produces a correct numerical output label,list,cd fibonaccicreator && poetry run fibonaccicreator --number 1000 --approach iterativelist,1000th,1,false,true,,2zdwxa4w1RzMTPppmcTgrA==
Run the fibonaccicreator program and ensure that it produces a correct numerical output label,list,cd fibonaccicreator && poetry run fibonaccicreator --number 1000 --approach iterativelist,1000th,1,false,false,Found 0 fragment(s) in the file or the output while expecting at least 1,wC69ew7NwVXVb1dj2hr23w==
Run the fibonaccicreator program and ensure that it produces a correct numerical output label,tuple,cd fibonaccicreator && poetry run fibonaccicreator --number 1000 --approach iterativetuple,1000th,1,false,false,Found 0 fragment(s) in the file or the output while expecting at least 1,wC69ew7NwVXVb1dj2hr23w==
Run the fibonaccicreator program and ensure that it produces a correct numerical output label,tuple,cd fibonaccicreator && poetry run fibonaccicreator --number 1000 --approach iterativetuple,1000th,1,false,false,Found 0 fragment(s) in the file or the output while expecting at least 1,b6vKWo8XetQV73efl+7ZIA==
Run the fibonaccicreator program and ensure that it produces a correct numerical output label,list,cd fibonaccicreator && poetry run fibonaccicreator --number 1000 --approach iterativelist,1000th,1,false,false,Found 0 fragment(s) in the file or the output while expecting at least 1,p5K7+j/WnpdDSeiVoM6iFA==
Run the fibonaccicreator program and ensure that it produces a correct numerical output label,list,cd fibonaccicreator && poetry run fibonaccicreator --number 1000 --approach iterativelist,1000th,1,false,false,Found 0 fragment(s) in the file or the output while expecting at least 1,33x/IdA+veSNbwwV+sZAeg==
Run the fibonaccicreator program and ensure that it produces a correct numerical output label,tuple,cd fibonaccicreator && poetry run fibonaccicreator --number 1000 --approach iterativetuple,1000th,1,false,false,Found 0 fragment(s) in the file or the output while expecting at least 1,33x/IdA+veSNbwwV+sZAeg==
Run the fibonaccicreator program and ensure that it produces a correct numerical output label,tuple,cd fibonaccicreator && poetry run fibonaccicreator --number 1000 --approach iterativetuple,1000th,1,false,false,Found 0 fragment(s) in the file or the output while expecting at least 1,p5K7+j/WnpdDSeiVoM6iFA==
Run the fibonaccicreator program and ensure that it produces a correct numerical output label,list,cd fibonaccicreator && poetry run fibonaccicreator --number 1000 --approach iterativelist,1000th,1,false,false,Found 0 fragment(s) in the file or the output while expecting at least 1,b6vKWo8XetQV73efl+7ZIA==
Run the fibonaccicreator program and ensure that it produces a correct numerical output label,tuple,cd fibonaccicreator && poetry run fibonaccicreator --number 1000 --approach iterativetuple,1000th,1,false,true,,Rc9Hc3YcbAwPRaxiorY2XA==
Run the fibonaccicreator program and ensure that it produces a correct numerical output label,list,cd fibonaccicreator && poetry run fibonaccicreator --number 1000 --approach iterativelist,1000th,1,false,true,,Rc9Hc3YcbAwPRaxiorY2XA==
