check type,description,command,count,exact,status,diagnostic,uid,objective,org-name,repo-name,file-name,amount_correct,percentage_score,report_time,fragment,path,language,tag
CountCommandOutput,Run the program and check the correct number of output lines,python source/create-dog-with-dictionary.py,7,true,false,Found 1 line(s) in the file or the output,nS+BKKonuI3r3x6z9BOXLw==,,allegheny-haunted-classroom,object-oriented-Yanqiao4396,insight-20230707-22,13,59,2023-07-07 14:57:43,,,,
CountCommandOutput,Run the fibonaccicreator program and ensure that it produces a correct minimum number of lines with iterative tuple,cd fibonaccicreator && poetry run fibonaccicreator --number 1000 --approach iterativetuple,3,false,false,Found 0 line(s) in the file or the output,p5K7+j/WnpdDSeiVoM6iFA==,tuple,allegheny-haunted-classroom,fibonacci-algorithms-Yanqiao4396,hello-action-20230707-22,24,53,2023-07-07 14:38:25,,,,
CountCommandOutput,Run the program and check the correct number of output lines,python source/create-dog-with-dictionary.py,7,true,false,Found 1 line(s) in the file or the output,mZPZSbWInH7C7NJAM+UA3w==,,allegheny-haunted-classroom,object-oriented-Yanqiao4396,insight-20230629-00,12,55,,,,,
CountCommandOutput,Run the fibonaccicreator program and ensure that it produces a correct minimum number of lines with iterative tuple,cd fibonaccicreator && poetry run fibonaccicreator --number 1000 --approach iterativetuple,3,false,false,Found 0 line(s) in the file or the output,33x/IdA+veSNbwwV+sZAeg==,tuple,allegheny-haunted-classroom,fibonacci-algorithms-Yanqiao4396,hello-action-20230707-22-44,24,53,2023-07-07 14:44:16,,,,
CountCommandOutput,Run the fibonaccicreator program and ensure that it produces a correct minimum number of lines with iterative tuple,cd fibonaccicreator && poetry run fibonaccicreator --number 1000 --approach iterativetuple,3,false,false,Found 0 line(s) in the file or the output,b6vKWo8XetQV73efl+7ZIA==,tuple,allegheny-haunted-classroom,fibonacci-algorithms-Yanqiao4396,hello-action-20230707-23-03,24,53,2023-07-07 15:03:46,,,,
CountCommandOutput,Run the program and check the correct number of output lines,python source/create-dog-with-class.py,13,true,false,Found 0 line(s) in the file or the output,mZPZSbWInH7C7NJAM+UA3w==,,allegheny-haunted-classroom,object-oriented-Yanqiao4396,insight-20230629-00,12,55,,,,,
CountCommandOutput,Run the fibonaccicreator program and ensure that it produces a correct minimum number of lines with iterative list,cd fibonaccicreator && poetry run fibonaccicreator --number 1000 --approach iterativelist,3,false,false,Found 0 line(s) in the file or the output,33x/IdA+veSNbwwV+sZAeg==,list,allegheny-haunted-classroom,fibonacci-algorithms-Yanqiao4396,hello-action-20230707-22-44,24,53,2023-07-07 14:44:16,,,,
CountCommandOutput,Run the fibonaccicreator program and ensure that it produces a correct minimum number of lines with iterative tuple,cd fibonaccicreator && poetry run fibonaccicreator --number 1000 --approach iterativetuple,3,false,false,Found 0 line(s) in the file or the output,wC69ew7NwVXVb1dj2hr23w==,tuple,allegheny-haunted-classroom,fibonacci-algorithms-Yanqiao4396,hello-action-20230709-03-58,26,58,2023-07-08 19:58:27,,,,
CountCommandOutput,Run the fibonaccicreator program and ensure that it produces a correct minimum number of lines with iterative list,cd fibonaccicreator && poetry run fibonaccicreator --number 1000 --approach iterativelist,3,false,false,Found 0 line(s) in the file or the output,b6vKWo8XetQV73efl+7ZIA==,list,allegheny-haunted-classroom,fibonacci-algorithms-Yanqiao4396,hello-action-20230707-23-03,24,53,2023-07-07 15:03:46,,,,
CountCommandOutput,Run the program and check the correct number of output lines,python source/create-dog-with-list.py,7,true,false,Found 1 line(s) in the file or the output,nS+BKKonuI3r3x6z9BOXLw==,,allegheny-haunted-classroom,object-oriented-Yanqiao4396,insight-20230707-22,13,59,2023-07-07 14:57:43,,,,
CountCommandOutput,Run the fibonaccicreator program and ensure that it produces a correct minimum number of lines with iterative list,cd fibonaccicreator && poetry run fibonaccicreator --number 1000 --approach iterativelist,3,false,false,Found 0 line(s) in the file or the output,wC69ew7NwVXVb1dj2hr23w==,list,allegheny-haunted-classroom,fibonacci-algorithms-Yanqiao4396,hello-action-20230709-03-58,26,58,2023-07-08 19:58:27,,,,
CountCommandOutput,Run the program and check the correct number of output lines,python source/create-dog-with-class.py,13,true,false,Found 0 line(s) in the file or the output,nS+BKKonuI3r3x6z9BOXLw==,,allegheny-haunted-classroom,object-oriented-Yanqiao4396,insight-20230707-22,13,59,2023-07-07 14:57:43,,,,
CountCommandOutput,Run the fibonaccicreator program and ensure that it produces a correct minimum number of lines with iterative list,cd fibonaccicreator && poetry run fibonaccicreator --number 1000 --approach iterativelist,3,false,false,Found 0 line(s) in the file or the output,p5K7+j/WnpdDSeiVoM6iFA==,list,allegheny-haunted-classroom,fibonacci-algorithms-Yanqiao4396,hello-action-20230707-22,24,53,2023-07-07 14:38:25,,,,
CountCommandOutput,Run the program and check the correct number of output lines,python source/create-dog-with-list.py,7,true,false,Found 1 line(s) in the file or the output,mZPZSbWInH7C7NJAM+UA3w==,,allegheny-haunted-classroom,object-oriented-Yanqiao4396,insight-20230629-00,12,55,,,,,
CountCommits,Have at least a specific minimum of commits in the GitHub repository,,10,,false,Found 9 commit(s) in the Git repository,b6vKWo8XetQV73efl+7ZIA==,meet minimal,allegheny-haunted-classroom,fibonacci-algorithms-Yanqiao4396,hello-action-20230707-23-03,24,53,2023-07-07 15:03:46,,,,
CountCommits,Have at least a specific minimum of commits in repository,,10,,false,Found 8 commit(s) in the Git repository,cZdEgIWQoeIofDdrYH/Afg==,,allegheny-college-sandbox,content-search-Yanqiao4396,hello-action-20230629-00,14,54,,,,,
CountCommits,Have at least a specific minimum of commits in the GitHub repository,,10,,false,Found 8 commit(s) in the Git repository,33x/IdA+veSNbwwV+sZAeg==,meet minimal,allegheny-haunted-classroom,fibonacci-algorithms-Yanqiao4396,hello-action-20230707-22-44,24,53,2023-07-07 14:44:16,,,,
CountCommits,Have at least a specific minimum of commits in the GitHub repository,,10,,false,Found 7 commit(s) in the Git repository,p5K7+j/WnpdDSeiVoM6iFA==,meet minimal,allegheny-haunted-classroom,fibonacci-algorithms-Yanqiao4396,hello-action-20230707-22,24,53,2023-07-07 14:38:25,,,,
Command,Pass all of the Pytest test cases,cd fibonaccicreator && poetry run task test,,,false,"============================= test session starts ==============================	     platform linux -- Python 3.10.12, pytest-7.1.3, pluggy-1.0.0	     rootdir: /home/runner/work/fibonacci-algorithms-Yanqiao4396/fibonacci-algorithms-Yanqiao4396/fibonaccicreator	     collected 0 items / 1 error	     	     ==================================== ERRORS ====================================	     ___________________ ERROR collecting tests/test_fibonacci.py ___________________	     tests/test_fibonacci.py:13: in <module>	         from fibonaccicreator import fibonacci	     fibonaccicreator/fibonacci.py:13: in <module>	         def fibonacci_recursivelist(number: int) -> List[int]:	     E   NameError: name 'List' is not defined	     =========================== short test summary info ============================	     ERROR tests/test_fibonacci.py - NameError: name 'List' is not defined	     !!!!!!!!!!!!!!!!!!!!!!!!!! stopping after 1 failures !!!!!!!!!!!!!!!!!!!!!!!!!!!	     !!!!!!!!!!!!!!!!!!!! Interrupted: 1 error during collection !!!!!!!!!!!!!!!!!!!!	     =============================== 1 error in 0.47s ===============================",b6vKWo8XetQV73efl+7ZIA==,test,allegheny-haunted-classroom,fibonacci-algorithms-Yanqiao4396,hello-action-20230707-23-03,24,53,2023-07-07 15:03:46,,,,
Command,Run the fibonaccicreator program and ensure that it does not crash with iterative tuple,cd fibonaccicreator && poetry run fibonaccicreator --number 1000 --approach iterativetuple,,,false,"Traceback (most recent call last):	       File ""<string>"", line 1, in <module>	       File ""/opt/hostedtoolcache/Python/3.10.12/x64/lib/python3.10/importlib/__init__.py"", line 126, in import_module	         return _bootstrap._gcd_import(name[level:], package, level)	       File ""<frozen importlib._bootstrap>"", line 1050, in _gcd_import	       File ""<frozen importlib._bootstrap>"", line 1027, in _find_and_load	       File ""<frozen importlib._bootstrap>"", line 1006, in _find_and_load_unlocked	       File ""<frozen importlib._bootstrap>"", line 688, in _load_unlocked	       File ""<frozen importlib._bootstrap_external>"", line 883, in exec_module	       File ""<frozen importlib._bootstrap>"", line 241, in _call_with_frames_removed	       File ""/home/runner/work/fibonacci-algorithms-Yanqiao4396/fibonacci-algorithms-Yanqiao4396/fibonaccicreator/fibonaccicreator/main.py"", line 22, in <module>	         from fibonaccicreator import fibonacci	       File ""/home/runner/work/fibonacci-algorithms-Yanqiao4396/fibonacci-algorithms-Yanqiao4396/fibonaccicreator/fibonaccicreator/fibonacci.py"", line 13, in <module>	         def fibonacci_recursivelist(number: int) -> List[int]:	     NameError: name 'List' is not defined. Did you mean: 'list'?",p5K7+j/WnpdDSeiVoM6iFA==,,allegheny-haunted-classroom,fibonacci-algorithms-Yanqiao4396,hello-action-20230707-22,24,53,2023-07-07 14:38:25,,,,
Command,Pass the linting checks run by flake8,cd fibonaccicreator && poetry run task flake8,,,false,fibonaccicreator/fibonacci.py:13:45: F821 undefined name 'List'	     fibonaccicreator/fibonacci.py:23:46: F821 undefined name 'Tuple'	     fibonaccicreator/fibonacci.py:35:46: F821 undefined name 'Tuple'	     fibonaccicreator/fibonacci.py:50:45: F821 undefined name 'List',p5K7+j/WnpdDSeiVoM6iFA==,lint,allegheny-haunted-classroom,fibonacci-algorithms-Yanqiao4396,hello-action-20230707-22,24,53,2023-07-07 14:38:25,,,,
Command,Pass the source code formatting checks run by black,cd fibonaccicreator && poetry run task black,,,false,"would reformat /home/runner/work/fibonacci-algorithms-Yanqiao4396/fibonacci-algorithms-Yanqiao4396/fibonaccicreator/fibonaccicreator/main.py	     	     Oh no! ðŸ’¥ ðŸ’” ðŸ’¥	     1 file would be reformatted, 4 files would be left unchanged.",b6vKWo8XetQV73efl+7ZIA==,lint,allegheny-haunted-classroom,fibonacci-algorithms-Yanqiao4396,hello-action-20230707-23-03,24,53,2023-07-07 15:03:46,,,,
Command,Pass all of the Pytest test cases,cd fibonaccicreator && poetry run task test,,,false,"============================= test session starts ==============================	     platform linux -- Python 3.10.12, pytest-7.1.3, pluggy-1.0.0	     rootdir: /home/runner/work/fibonacci-algorithms-Yanqiao4396/fibonacci-algorithms-Yanqiao4396/fibonaccicreator	     collected 0 items / 1 error	     	     ==================================== ERRORS ====================================	     ___________________ ERROR collecting tests/test_fibonacci.py ___________________	     tests/test_fibonacci.py:13: in <module>	         from fibonaccicreator import fibonacci	     fibonaccicreator/fibonacci.py:13: in <module>	         def fibonacci_recursivelist(number: int) -> List[int]:	     E   NameError: name 'List' is not defined	     =========================== short test summary info ============================	     ERROR tests/test_fibonacci.py - NameError: name 'List' is not defined	     !!!!!!!!!!!!!!!!!!!!!!!!!! stopping after 1 failures !!!!!!!!!!!!!!!!!!!!!!!!!!!	     !!!!!!!!!!!!!!!!!!!! Interrupted: 1 error during collection !!!!!!!!!!!!!!!!!!!!	     =============================== 1 error in 0.62s ===============================",wC69ew7NwVXVb1dj2hr23w==,test,allegheny-haunted-classroom,fibonacci-algorithms-Yanqiao4396,hello-action-20230709-03-58,26,58,2023-07-08 19:58:27,,,,
Command,Pass the linting checks run by flake8,cd fibonaccicreator && poetry run task flake8,,,false,fibonaccicreator/fibonacci.py:13:45: F821 undefined name 'List'	     fibonaccicreator/fibonacci.py:23:46: F821 undefined name 'Tuple'	     fibonaccicreator/fibonacci.py:35:46: F821 undefined name 'Tuple'	     fibonaccicreator/fibonacci.py:50:45: F821 undefined name 'List',b6vKWo8XetQV73efl+7ZIA==,lint,allegheny-haunted-classroom,fibonacci-algorithms-Yanqiao4396,hello-action-20230707-23-03,24,53,2023-07-07 15:03:46,,,,
Command,Pass the linting checks run by flake8,cd fibonaccicreator && poetry run task flake8,,,false,fibonaccicreator/fibonacci.py:13:45: F821 undefined name 'List'	     fibonaccicreator/fibonacci.py:23:46: F821 undefined name 'Tuple'	     fibonaccicreator/fibonacci.py:35:46: F821 undefined name 'Tuple'	     fibonaccicreator/fibonacci.py:50:45: F821 undefined name 'List',33x/IdA+veSNbwwV+sZAeg==,lint,allegheny-haunted-classroom,fibonacci-algorithms-Yanqiao4396,hello-action-20230707-22-44,24,53,2023-07-07 14:44:16,,,,
Command,Pass the source code formatting checks run by black,cd fibonaccicreator && poetry run task black,,,false,"would reformat /home/runner/work/fibonacci-algorithms-Yanqiao4396/fibonacci-algorithms-Yanqiao4396/fibonaccicreator/fibonaccicreator/main.py	     	     Oh no! ðŸ’¥ ðŸ’” ðŸ’¥	     1 file would be reformatted, 4 files would be left unchanged.",33x/IdA+veSNbwwV+sZAeg==,lint,allegheny-haunted-classroom,fibonacci-algorithms-Yanqiao4396,hello-action-20230707-22-44,24,53,2023-07-07 14:44:16,,,,
Command,Pass the import checks run by isort,cd fibonaccicreator && poetry run task isort,,,false,ERROR: /home/runner/work/fibonacci-algorithms-Yanqiao4396/fibonacci-algorithms-Yanqiao4396/fibonaccicreator/fibonaccicreator/fibonacci.py Imports are incorrectly sorted and/or formatted.	     ERROR: /home/runner/work/fibonacci-algorithms-Yanqiao4396/fibonacci-algorithms-Yanqiao4396/fibonaccicreator/fibonaccicreator/main.py Imports are incorrectly sorted and/or formatted.,Rc9Hc3YcbAwPRaxiorY2XA==,lint,allegheny-haunted-classroom,fibonacci-algorithms-Yanqiao4396,hello-action-20230709-04-35,42,93,2023-07-08 20:35:26,,,,
Command,Pass the linting checks run by flake8,cd fibonaccicreator && poetry run task flake8,,,false,fibonaccicreator/fibonacci.py:13:45: F821 undefined name 'List'	     fibonaccicreator/fibonacci.py:23:46: F821 undefined name 'Tuple'	     fibonaccicreator/fibonacci.py:35:46: F821 undefined name 'Tuple'	     fibonaccicreator/fibonacci.py:50:45: F821 undefined name 'List',wC69ew7NwVXVb1dj2hr23w==,lint,allegheny-haunted-classroom,fibonacci-algorithms-Yanqiao4396,hello-action-20230709-03-58,26,58,2023-07-08 19:58:27,,,,
Command,Pass the linting checks run by flake8,cd contactsearcher && poetry run task flake8,,,false,contactsearcher/main.py:8:2: F821 undefined name 'cli'	     contactsearcher/main.py:10:28: F821 undefined name 'typer'	     contactsearcher/main.py:11:20: F821 undefined name 'Optional'	     contactsearcher/main.py:11:29: F821 undefined name 'Path'	     contactsearcher/main.py:11:37: F821 undefined name 'typer'	     contactsearcher/main.py:19:9: F821 undefined name 'typer'	     contactsearcher/main.py:20:15: F821 undefined name 'typer'	     contactsearcher/main.py:25:9: F821 undefined name 'typer'	     contactsearcher/main.py:30:9: F821 undefined name 'typer'	     contactsearcher/main.py:32:5: F821 undefined name 'typer'	     contactsearcher/main.py:33:5: F821 undefined name 'typer'	     contactsearcher/search.py:5:1: F401 'csv' imported but unused,cZdEgIWQoeIofDdrYH/Afg==,,allegheny-college-sandbox,content-search-Yanqiao4396,hello-action-20230629-00,14,54,,,,,
Command,Pass the linting checks run by pylint,cd fibonaccicreator && poetry run task pylint,,,false,************* Module fibonaccicreator.fibonacci	     fibonaccicreator/fibonacci.py:13:28: W0613: Unused argument 'number' (unused-argument)	     fibonaccicreator/fibonacci.py:23:29: W0613: Unused argument 'number' (unused-argument)	     fibonaccicreator/fibonacci.py:35:29: W0613: Unused argument 'number' (unused-argument)	     fibonaccicreator/fibonacci.py:50:28: W0613: Unused argument 'number' (unused-argument)	     	     -----------------------------------	     Your code has been rated at 9.56/10,wC69ew7NwVXVb1dj2hr23w==,lint,allegheny-haunted-classroom,fibonacci-algorithms-Yanqiao4396,hello-action-20230709-03-58,26,58,2023-07-08 19:58:27,,,,
Command,Pass the import checks run by isort,cd fibonaccicreator && poetry run task isort,,,false,ERROR: /home/runner/work/fibonacci-algorithms-Yanqiao4396/fibonacci-algorithms-Yanqiao4396/fibonaccicreator/tests/test_fibonacci.py Imports are incorrectly sorted and/or formatted.,wC69ew7NwVXVb1dj2hr23w==,lint,allegheny-haunted-classroom,fibonacci-algorithms-Yanqiao4396,hello-action-20230709-03-58,26,58,2023-07-08 19:58:27,,,,
Command,Pass all of the Pytest test cases,cd fibonaccicreator && poetry run task test,,,false,"============================= test session starts ==============================	     platform linux -- Python 3.10.12, pytest-7.1.3, pluggy-1.0.0	     rootdir: /home/runner/work/fibonacci-algorithms-Yanqiao4396/fibonacci-algorithms-Yanqiao4396/fibonaccicreator	     collected 0 items / 1 error	     	     ==================================== ERRORS ====================================	     ___________________ ERROR collecting tests/test_fibonacci.py ___________________	     tests/test_fibonacci.py:13: in <module>	         from fibonaccicreator import fibonacci	     fibonaccicreator/fibonacci.py:13: in <module>	         def fibonacci_recursivelist(number: int) -> List[int]:	     E   NameError: name 'List' is not defined	     =========================== short test summary info ============================	     ERROR tests/test_fibonacci.py - NameError: name 'List' is not defined	     !!!!!!!!!!!!!!!!!!!!!!!!!! stopping after 1 failures !!!!!!!!!!!!!!!!!!!!!!!!!!!	     !!!!!!!!!!!!!!!!!!!! Interrupted: 1 error during collection !!!!!!!!!!!!!!!!!!!!	     =============================== 1 error in 0.44s ===============================",p5K7+j/WnpdDSeiVoM6iFA==,test,allegheny-haunted-classroom,fibonacci-algorithms-Yanqiao4396,hello-action-20230707-22,24,53,2023-07-07 14:38:25,,,,
Command,Pass the import checks run by isort,cd fibonaccicreator && poetry run task isort,,,false,ERROR: /home/runner/work/fibonacci-algorithms-Yanqiao4396/fibonacci-algorithms-Yanqiao4396/fibonaccicreator/tests/test_fibonacci.py Imports are incorrectly sorted and/or formatted.,2zdwxa4w1RzMTPppmcTgrA==,lint,allegheny-haunted-classroom,fibonacci-algorithms-Yanqiao4396,hello-action-20230709-04-01,41,91,2023-07-08 20:01:28,,,,
Command,Run the fibonaccicreator program and ensure that it does not crash with iterative tuple,cd fibonaccicreator && poetry run fibonaccicreator --number 1000 --approach iterativetuple,,,false,"Traceback (most recent call last):	       File ""<string>"", line 1, in <module>	       File ""/opt/hostedtoolcache/Python/3.10.12/x64/lib/python3.10/importlib/__init__.py"", line 126, in import_module	         return _bootstrap._gcd_import(name[level:], package, level)	       File ""<frozen importlib._bootstrap>"", line 1050, in _gcd_import	       File ""<frozen importlib._bootstrap>"", line 1027, in _find_and_load	       File ""<frozen importlib._bootstrap>"", line 1006, in _find_and_load_unlocked	       File ""<frozen importlib._bootstrap>"", line 688, in _load_unlocked	       File ""<frozen importlib._bootstrap_external>"", line 883, in exec_module	       File ""<frozen importlib._bootstrap>"", line 241, in _call_with_frames_removed	       File ""/home/runner/work/fibonacci-algorithms-Yanqiao4396/fibonacci-algorithms-Yanqiao4396/fibonaccicreator/fibonaccicreator/main.py"", line 22, in <module>	         from fibonaccicreator import fibonacci	       File ""/home/runner/work/fibonacci-algorithms-Yanqiao4396/fibonacci-algorithms-Yanqiao4396/fibonaccicreator/fibonaccicreator/fibonacci.py"", line 13, in <module>	         def fibonacci_recursivelist(number: int) -> List[int]:	     NameError: name 'List' is not defined. Did you mean: 'list'?",33x/IdA+veSNbwwV+sZAeg==,,allegheny-haunted-classroom,fibonacci-algorithms-Yanqiao4396,hello-action-20230707-22-44,24,53,2023-07-07 14:44:16,,,,
Command,Run the fibonaccicreator program and ensure that it does not crash with iterative tuple,cd fibonaccicreator && poetry run fibonaccicreator --number 1000 --approach iterativetuple,,,false,"Traceback (most recent call last):	       File ""<string>"", line 1, in <module>	       File ""/opt/hostedtoolcache/Python/3.10.12/x64/lib/python3.10/importlib/__init__.py"", line 126, in import_module	         return _bootstrap._gcd_import(name[level:], package, level)	       File ""<frozen importlib._bootstrap>"", line 1050, in _gcd_import	       File ""<frozen importlib._bootstrap>"", line 1027, in _find_and_load	       File ""<frozen importlib._bootstrap>"", line 1006, in _find_and_load_unlocked	       File ""<frozen importlib._bootstrap>"", line 688, in _load_unlocked	       File ""<frozen importlib._bootstrap_external>"", line 883, in exec_module	       File ""<frozen importlib._bootstrap>"", line 241, in _call_with_frames_removed	       File ""/home/runner/work/fibonacci-algorithms-Yanqiao4396/fibonacci-algorithms-Yanqiao4396/fibonaccicreator/fibonaccicreator/main.py"", line 22, in <module>	         from fibonaccicreator import fibonacci	       File ""/home/runner/work/fibonacci-algorithms-Yanqiao4396/fibonacci-algorithms-Yanqiao4396/fibonaccicreator/fibonaccicreator/fibonacci.py"", line 13, in <module>	         def fibonacci_recursivelist(number: int) -> List[int]:	     NameError: name 'List' is not defined. Did you mean: 'list'?",b6vKWo8XetQV73efl+7ZIA==,,allegheny-haunted-classroom,fibonacci-algorithms-Yanqiao4396,hello-action-20230707-23-03,24,53,2023-07-07 15:03:46,,,,
Command,Pass the import checks run by isort,cd contactsearcher && poetry run task isort,,,false,ERROR: /home/runner/work/content-search-Yanqiao4396/content-search-Yanqiao4396/contactsearcher/contactsearcher/search.py Imports are incorrectly sorted and/or formatted.,cZdEgIWQoeIofDdrYH/Afg==,,allegheny-college-sandbox,content-search-Yanqiao4396,hello-action-20230629-00,14,54,,,,,
Command,Pass the source code formatting checks run by black,cd fibonaccicreator && poetry run task black,,,false,"would reformat /home/runner/work/fibonacci-algorithms-Yanqiao4396/fibonacci-algorithms-Yanqiao4396/fibonaccicreator/fibonaccicreator/main.py	     	     Oh no! ðŸ’¥ ðŸ’” ðŸ’¥	     1 file would be reformatted, 4 files would be left unchanged.",p5K7+j/WnpdDSeiVoM6iFA==,lint,allegheny-haunted-classroom,fibonacci-algorithms-Yanqiao4396,hello-action-20230707-22,24,53,2023-07-07 14:38:25,,,,
Command,Pass the linting checks run by mypy,cd fibonaccicreator && poetry run task mypy,,,false,"fibonaccicreator/fibonacci.py:13: error: Name ""List"" is not defined	     fibonaccicreator/fibonacci.py:13: note: Did you forget to import it from ""typing""? (Suggestion: ""from typing import List"")	     fibonaccicreator/fibonacci.py:23: error: Name ""Tuple"" is not defined	     fibonaccicreator/fibonacci.py:23: note: Did you forget to import it from ""typing""? (Suggestion: ""from typing import Tuple"")	     fibonaccicreator/fibonacci.py:35: error: Name ""Tuple"" is not defined	     fibonaccicreator/fibonacci.py:35: note: Did you forget to import it from ""typing""? (Suggestion: ""from typing import Tuple"")	     fibonaccicreator/fibonacci.py:50: error: Name ""List"" is not defined	     fibonaccicreator/fibonacci.py:50: note: Did you forget to import it from ""typing""? (Suggestion: ""from typing import List"")	     Found 4 errors in 1 file (checked 3 source files)",wC69ew7NwVXVb1dj2hr23w==,lint,allegheny-haunted-classroom,fibonacci-algorithms-Yanqiao4396,hello-action-20230709-03-58,26,58,2023-07-08 19:58:27,,,,
Command,Pass the import checks run by isort,cd fibonaccicreator && poetry run task isort,,,false,ERROR: /home/runner/work/fibonacci-algorithms-Yanqiao4396/fibonacci-algorithms-Yanqiao4396/fibonaccicreator/fibonaccicreator/main.py Imports are incorrectly sorted and/or formatted.	     ERROR: /home/runner/work/fibonacci-algorithms-Yanqiao4396/fibonacci-algorithms-Yanqiao4396/fibonaccicreator/tests/test_fibonacci.py Imports are incorrectly sorted and/or formatted.,p5K7+j/WnpdDSeiVoM6iFA==,lint,allegheny-haunted-classroom,fibonacci-algorithms-Yanqiao4396,hello-action-20230707-22,24,53,2023-07-07 14:38:25,,,,
Command,Pass all of the Pytest test cases,cd fibonaccicreator && poetry run task test,,,false,"============================= test session starts ==============================	     platform linux -- Python 3.10.12, pytest-7.1.3, pluggy-1.0.0	     rootdir: /home/runner/work/fibonacci-algorithms-Yanqiao4396/fibonacci-algorithms-Yanqiao4396/fibonaccicreator	     collected 0 items / 1 error	     	     ==================================== ERRORS ====================================	     ___________________ ERROR collecting tests/test_fibonacci.py ___________________	     tests/test_fibonacci.py:13: in <module>	         from fibonaccicreator import fibonacci	     fibonaccicreator/fibonacci.py:13: in <module>	         def fibonacci_recursivelist(number: int) -> List[int]:	     E   NameError: name 'List' is not defined	     =========================== short test summary info ============================	     ERROR tests/test_fibonacci.py - NameError: name 'List' is not defined	     !!!!!!!!!!!!!!!!!!!!!!!!!! stopping after 1 failures !!!!!!!!!!!!!!!!!!!!!!!!!!!	     !!!!!!!!!!!!!!!!!!!! Interrupted: 1 error during collection !!!!!!!!!!!!!!!!!!!!	     =============================== 1 error in 0.59s ===============================",33x/IdA+veSNbwwV+sZAeg==,test,allegheny-haunted-classroom,fibonacci-algorithms-Yanqiao4396,hello-action-20230707-22-44,24,53,2023-07-07 14:44:16,,,,
Command,Run the fibonaccicreator program and ensure that it does not crash with iterative list,cd fibonaccicreator && poetry run fibonaccicreator --number 1000 --approach iterativelist,,,false,"Traceback (most recent call last):	       File ""<string>"", line 1, in <module>	       File ""/opt/hostedtoolcache/Python/3.10.12/x64/lib/python3.10/importlib/__init__.py"", line 126, in import_module	         return _bootstrap._gcd_import(name[level:], package, level)	       File ""<frozen importlib._bootstrap>"", line 1050, in _gcd_import	       File ""<frozen importlib._bootstrap>"", line 1027, in _find_and_load	       File ""<frozen importlib._bootstrap>"", line 1006, in _find_and_load_unlocked	       File ""<frozen importlib._bootstrap>"", line 688, in _load_unlocked	       File ""<frozen importlib._bootstrap_external>"", line 883, in exec_module	       File ""<frozen importlib._bootstrap>"", line 241, in _call_with_frames_removed	       File ""/home/runner/work/fibonacci-algorithms-Yanqiao4396/fibonacci-algorithms-Yanqiao4396/fibonaccicreator/fibonaccicreator/main.py"", line 22, in <module>	         from fibonaccicreator import fibonacci	       File ""/home/runner/work/fibonacci-algorithms-Yanqiao4396/fibonacci-algorithms-Yanqiao4396/fibonaccicreator/fibonaccicreator/fibonacci.py"", line 13, in <module>	         def fibonacci_recursivelist(number: int) -> List[int]:	     NameError: name 'List' is not defined. Did you mean: 'list'?",33x/IdA+veSNbwwV+sZAeg==,,allegheny-haunted-classroom,fibonacci-algorithms-Yanqiao4396,hello-action-20230707-22-44,24,53,2023-07-07 14:44:16,,,,
Command,Run the fibonaccicreator program and ensure that it does not crash with iterative list,cd fibonaccicreator && poetry run fibonaccicreator --number 1000 --approach iterativelist,,,false,"Traceback (most recent call last):	       File ""<string>"", line 1, in <module>	       File ""/opt/hostedtoolcache/Python/3.10.12/x64/lib/python3.10/importlib/__init__.py"", line 126, in import_module	         return _bootstrap._gcd_import(name[level:], package, level)	       File ""<frozen importlib._bootstrap>"", line 1050, in _gcd_import	       File ""<frozen importlib._bootstrap>"", line 1027, in _find_and_load	       File ""<frozen importlib._bootstrap>"", line 1006, in _find_and_load_unlocked	       File ""<frozen importlib._bootstrap>"", line 688, in _load_unlocked	       File ""<frozen importlib._bootstrap_external>"", line 883, in exec_module	       File ""<frozen importlib._bootstrap>"", line 241, in _call_with_frames_removed	       File ""/home/runner/work/fibonacci-algorithms-Yanqiao4396/fibonacci-algorithms-Yanqiao4396/fibonaccicreator/fibonaccicreator/main.py"", line 22, in <module>	         from fibonaccicreator import fibonacci	       File ""/home/runner/work/fibonacci-algorithms-Yanqiao4396/fibonacci-algorithms-Yanqiao4396/fibonaccicreator/fibonaccicreator/fibonacci.py"", line 13, in <module>	         def fibonacci_recursivelist(number: int) -> List[int]:	     NameError: name 'List' is not defined. Did you mean: 'list'?",p5K7+j/WnpdDSeiVoM6iFA==,,allegheny-haunted-classroom,fibonacci-algorithms-Yanqiao4396,hello-action-20230707-22,24,53,2023-07-07 14:38:25,,,,
Command,Pass the linting checks run by pylint,cd fibonaccicreator && poetry run task pylint,,,false,************* Module fibonaccicreator.fibonacci	     fibonaccicreator/fibonacci.py:13:28: W0613: Unused argument 'number' (unused-argument)	     fibonaccicreator/fibonacci.py:23:29: W0613: Unused argument 'number' (unused-argument)	     fibonaccicreator/fibonacci.py:35:29: W0613: Unused argument 'number' (unused-argument)	     fibonaccicreator/fibonacci.py:50:28: W0613: Unused argument 'number' (unused-argument)	     	     -----------------------------------	     Your code has been rated at 9.55/10,p5K7+j/WnpdDSeiVoM6iFA==,lint,allegheny-haunted-classroom,fibonacci-algorithms-Yanqiao4396,hello-action-20230707-22,24,53,2023-07-07 14:38:25,,,,
Command,Pass the linting checks run by mypy,cd fibonaccicreator && poetry run task mypy,,,false,"fibonaccicreator/fibonacci.py:13: error: Name ""List"" is not defined	     fibonaccicreator/fibonacci.py:13: note: Did you forget to import it from ""typing""? (Suggestion: ""from typing import List"")	     fibonaccicreator/fibonacci.py:23: error: Name ""Tuple"" is not defined	     fibonaccicreator/fibonacci.py:23: note: Did you forget to import it from ""typing""? (Suggestion: ""from typing import Tuple"")	     fibonaccicreator/fibonacci.py:35: error: Name ""Tuple"" is not defined	     fibonaccicreator/fibonacci.py:35: note: Did you forget to import it from ""typing""? (Suggestion: ""from typing import Tuple"")	     fibonaccicreator/fibonacci.py:50: error: Name ""List"" is not defined	     fibonaccicreator/fibonacci.py:50: note: Did you forget to import it from ""typing""? (Suggestion: ""from typing import List"")	     Found 4 errors in 1 file (checked 3 source files)",33x/IdA+veSNbwwV+sZAeg==,lint,allegheny-haunted-classroom,fibonacci-algorithms-Yanqiao4396,hello-action-20230707-22-44,24,53,2023-07-07 14:44:16,,,,
Command,Pass the linting checks run by pylint,cd contactsearcher && poetry run task pylint,,,false,************* Module contactsearcher.search	     contactsearcher/search.py:8:31: W0613: Unused argument 'job_description' (unused-argument)	     contactsearcher/search.py:8:53: W0613: Unused argument 'contacts' (unused-argument)	     	     -----------------------------------	     Your code has been rated at 9.55/10,cZdEgIWQoeIofDdrYH/Afg==,,allegheny-college-sandbox,content-search-Yanqiao4396,hello-action-20230629-00,14,54,,,,,
Command,Pass the linting checks run by pylint,cd fibonaccicreator && poetry run task pylint,,,false,************* Module fibonaccicreator.fibonacci	     fibonaccicreator/fibonacci.py:13:28: W0613: Unused argument 'number' (unused-argument)	     fibonaccicreator/fibonacci.py:23:29: W0613: Unused argument 'number' (unused-argument)	     fibonaccicreator/fibonacci.py:35:29: W0613: Unused argument 'number' (unused-argument)	     fibonaccicreator/fibonacci.py:50:28: W0613: Unused argument 'number' (unused-argument)	     	     -----------------------------------	     Your code has been rated at 9.55/10,b6vKWo8XetQV73efl+7ZIA==,lint,allegheny-haunted-classroom,fibonacci-algorithms-Yanqiao4396,hello-action-20230707-23-03,24,53,2023-07-07 15:03:46,,,,
Command,Pass the linting checks run by mypy,cd fibonaccicreator && poetry run task mypy,,,false,"fibonaccicreator/fibonacci.py:13: error: Name ""List"" is not defined	     fibonaccicreator/fibonacci.py:13: note: Did you forget to import it from ""typing""? (Suggestion: ""from typing import List"")	     fibonaccicreator/fibonacci.py:23: error: Name ""Tuple"" is not defined	     fibonaccicreator/fibonacci.py:23: note: Did you forget to import it from ""typing""? (Suggestion: ""from typing import Tuple"")	     fibonaccicreator/fibonacci.py:35: error: Name ""Tuple"" is not defined	     fibonaccicreator/fibonacci.py:35: note: Did you forget to import it from ""typing""? (Suggestion: ""from typing import Tuple"")	     fibonaccicreator/fibonacci.py:50: error: Name ""List"" is not defined	     fibonaccicreator/fibonacci.py:50: note: Did you forget to import it from ""typing""? (Suggestion: ""from typing import List"")	     Found 4 errors in 1 file (checked 3 source files)",p5K7+j/WnpdDSeiVoM6iFA==,lint,allegheny-haunted-classroom,fibonacci-algorithms-Yanqiao4396,hello-action-20230707-22,24,53,2023-07-07 14:38:25,,,,
Command,Pass the linting checks run by pylint,cd fibonaccicreator && poetry run task pylint,,,false,************* Module fibonaccicreator.fibonacci	     fibonaccicreator/fibonacci.py:13:28: W0613: Unused argument 'number' (unused-argument)	     fibonaccicreator/fibonacci.py:23:29: W0613: Unused argument 'number' (unused-argument)	     fibonaccicreator/fibonacci.py:35:29: W0613: Unused argument 'number' (unused-argument)	     fibonaccicreator/fibonacci.py:50:28: W0613: Unused argument 'number' (unused-argument)	     	     -----------------------------------	     Your code has been rated at 9.55/10,33x/IdA+veSNbwwV+sZAeg==,lint,allegheny-haunted-classroom,fibonacci-algorithms-Yanqiao4396,hello-action-20230707-22-44,24,53,2023-07-07 14:44:16,,,,
Command,Pass the linting checks run by pymarkdown,cd contactsearcher && poetry run task markdownlint,,,false,"../README.md:2:1: MD012: Multiple consecutive blank lines [Expected: 1, Actual: 2] (no-multiple-blanks)",cZdEgIWQoeIofDdrYH/Afg==,,allegheny-college-sandbox,content-search-Yanqiao4396,hello-action-20230629-00,14,54,,,,,
Command,Run the fibonaccicreator program and ensure that it does not crash with iterative tuple,cd fibonaccicreator && poetry run fibonaccicreator --number 1000 --approach iterativetuple,,,false,"Traceback (most recent call last):	       File ""<string>"", line 1, in <module>	       File ""/opt/hostedtoolcache/Python/3.10.12/x64/lib/python3.10/importlib/__init__.py"", line 126, in import_module	         return _bootstrap._gcd_import(name[level:], package, level)	       File ""<frozen importlib._bootstrap>"", line 1050, in _gcd_import	       File ""<frozen importlib._bootstrap>"", line 1027, in _find_and_load	       File ""<frozen importlib._bootstrap>"", line 1006, in _find_and_load_unlocked	       File ""<frozen importlib._bootstrap>"", line 688, in _load_unlocked	       File ""<frozen importlib._bootstrap_external>"", line 883, in exec_module	       File ""<frozen importlib._bootstrap>"", line 241, in _call_with_frames_removed	       File ""/home/runner/work/fibonacci-algorithms-Yanqiao4396/fibonacci-algorithms-Yanqiao4396/fibonaccicreator/fibonaccicreator/main.py"", line 13, in <module>	         from fibonaccicreator import fibonacci	       File ""/home/runner/work/fibonacci-algorithms-Yanqiao4396/fibonacci-algorithms-Yanqiao4396/fibonaccicreator/fibonaccicreator/fibonacci.py"", line 13, in <module>	         def fibonacci_recursivelist(number: int) -> List[int]:	     NameError: name 'List' is not defined. Did you mean: 'list'?",wC69ew7NwVXVb1dj2hr23w==,,allegheny-haunted-classroom,fibonacci-algorithms-Yanqiao4396,hello-action-20230709-03-58,26,58,2023-07-08 19:58:27,,,,
Command,Pass the linting checks run by mypy,cd fibonaccicreator && poetry run task mypy,,,false,"fibonaccicreator/fibonacci.py:13: error: Name ""List"" is not defined	     fibonaccicreator/fibonacci.py:13: note: Did you forget to import it from ""typing""? (Suggestion: ""from typing import List"")	     fibonaccicreator/fibonacci.py:23: error: Name ""Tuple"" is not defined	     fibonaccicreator/fibonacci.py:23: note: Did you forget to import it from ""typing""? (Suggestion: ""from typing import Tuple"")	     fibonaccicreator/fibonacci.py:35: error: Name ""Tuple"" is not defined	     fibonaccicreator/fibonacci.py:35: note: Did you forget to import it from ""typing""? (Suggestion: ""from typing import Tuple"")	     fibonaccicreator/fibonacci.py:50: error: Name ""List"" is not defined	     fibonaccicreator/fibonacci.py:50: note: Did you forget to import it from ""typing""? (Suggestion: ""from typing import List"")	     Found 4 errors in 1 file (checked 3 source files)",b6vKWo8XetQV73efl+7ZIA==,lint,allegheny-haunted-classroom,fibonacci-algorithms-Yanqiao4396,hello-action-20230707-23-03,24,53,2023-07-07 15:03:46,,,,
Command,Run the fibonaccicreator program and ensure that it does not crash with iterative list,cd fibonaccicreator && poetry run fibonaccicreator --number 1000 --approach iterativelist,,,false,"Traceback (most recent call last):	       File ""<string>"", line 1, in <module>	       File ""/opt/hostedtoolcache/Python/3.10.12/x64/lib/python3.10/importlib/__init__.py"", line 126, in import_module	         return _bootstrap._gcd_import(name[level:], package, level)	       File ""<frozen importlib._bootstrap>"", line 1050, in _gcd_import	       File ""<frozen importlib._bootstrap>"", line 1027, in _find_and_load	       File ""<frozen importlib._bootstrap>"", line 1006, in _find_and_load_unlocked	       File ""<frozen importlib._bootstrap>"", line 688, in _load_unlocked	       File ""<frozen importlib._bootstrap_external>"", line 883, in exec_module	       File ""<frozen importlib._bootstrap>"", line 241, in _call_with_frames_removed	       File ""/home/runner/work/fibonacci-algorithms-Yanqiao4396/fibonacci-algorithms-Yanqiao4396/fibonaccicreator/fibonaccicreator/main.py"", line 22, in <module>	         from fibonaccicreator import fibonacci	       File ""/home/runner/work/fibonacci-algorithms-Yanqiao4396/fibonacci-algorithms-Yanqiao4396/fibonaccicreator/fibonaccicreator/fibonacci.py"", line 13, in <module>	         def fibonacci_recursivelist(number: int) -> List[int]:	     NameError: name 'List' is not defined. Did you mean: 'list'?",b6vKWo8XetQV73efl+7ZIA==,,allegheny-haunted-classroom,fibonacci-algorithms-Yanqiao4396,hello-action-20230707-23-03,24,53,2023-07-07 15:03:46,,,,
Command,Pass the import checks run by isort,cd fibonaccicreator && poetry run task isort,,,false,ERROR: /home/runner/work/fibonacci-algorithms-Yanqiao4396/fibonacci-algorithms-Yanqiao4396/fibonaccicreator/fibonaccicreator/main.py Imports are incorrectly sorted and/or formatted.	     ERROR: /home/runner/work/fibonacci-algorithms-Yanqiao4396/fibonacci-algorithms-Yanqiao4396/fibonaccicreator/tests/test_fibonacci.py Imports are incorrectly sorted and/or formatted.,33x/IdA+veSNbwwV+sZAeg==,lint,allegheny-haunted-classroom,fibonacci-algorithms-Yanqiao4396,hello-action-20230707-22-44,24,53,2023-07-07 14:44:16,,,,
Command,Pass the linting checks run by mypy,cd contactsearcher && poetry run task mypy,,,false,"contactsearcher/main.py:8: error: Name ""cli"" is not defined	     contactsearcher/main.py:10: error: Name ""typer"" is not defined	     contactsearcher/main.py:11: error: Name ""Optional"" is not defined	     contactsearcher/main.py:11: note: Did you forget to import it from ""typing""? (Suggestion: ""from typing import Optional"")	     contactsearcher/main.py:11: error: Name ""Path"" is not defined	     contactsearcher/main.py:11: error: Name ""typer"" is not defined	     contactsearcher/main.py:19: error: Name ""typer"" is not defined	     contactsearcher/main.py:20: error: Name ""typer"" is not defined	     contactsearcher/main.py:25: error: Name ""typer"" is not defined	     contactsearcher/main.py:30: error: Name ""typer"" is not defined	     contactsearcher/main.py:32: error: Name ""typer"" is not defined	     contactsearcher/main.py:33: error: Name ""typer"" is not defined	     Found 11 errors in 1 file (checked 5 source files)",cZdEgIWQoeIofDdrYH/Afg==,,allegheny-college-sandbox,content-search-Yanqiao4396,hello-action-20230629-00,14,54,,,,,
Command,Run the fibonaccicreator program and ensure that it does not crash with iterative list,cd fibonaccicreator && poetry run fibonaccicreator --number 1000 --approach iterativelist,,,false,"Traceback (most recent call last):	       File ""<string>"", line 1, in <module>	       File ""/opt/hostedtoolcache/Python/3.10.12/x64/lib/python3.10/importlib/__init__.py"", line 126, in import_module	         return _bootstrap._gcd_import(name[level:], package, level)	       File ""<frozen importlib._bootstrap>"", line 1050, in _gcd_import	       File ""<frozen importlib._bootstrap>"", line 1027, in _find_and_load	       File ""<frozen importlib._bootstrap>"", line 1006, in _find_and_load_unlocked	       File ""<frozen importlib._bootstrap>"", line 688, in _load_unlocked	       File ""<frozen importlib._bootstrap_external>"", line 883, in exec_module	       File ""<frozen importlib._bootstrap>"", line 241, in _call_with_frames_removed	       File ""/home/runner/work/fibonacci-algorithms-Yanqiao4396/fibonacci-algorithms-Yanqiao4396/fibonaccicreator/fibonaccicreator/main.py"", line 13, in <module>	         from fibonaccicreator import fibonacci	       File ""/home/runner/work/fibonacci-algorithms-Yanqiao4396/fibonacci-algorithms-Yanqiao4396/fibonaccicreator/fibonaccicreator/fibonacci.py"", line 13, in <module>	         def fibonacci_recursivelist(number: int) -> List[int]:	     NameError: name 'List' is not defined. Did you mean: 'list'?",wC69ew7NwVXVb1dj2hr23w==,,allegheny-haunted-classroom,fibonacci-algorithms-Yanqiao4396,hello-action-20230709-03-58,26,58,2023-07-08 19:58:27,,,,
Command,Pass the import checks run by isort,cd fibonaccicreator && poetry run task isort,,,false,ERROR: /home/runner/work/fibonacci-algorithms-Yanqiao4396/fibonacci-algorithms-Yanqiao4396/fibonaccicreator/fibonaccicreator/main.py Imports are incorrectly sorted and/or formatted.	     ERROR: /home/runner/work/fibonacci-algorithms-Yanqiao4396/fibonacci-algorithms-Yanqiao4396/fibonaccicreator/tests/test_fibonacci.py Imports are incorrectly sorted and/or formatted.,b6vKWo8XetQV73efl+7ZIA==,lint,allegheny-haunted-classroom,fibonacci-algorithms-Yanqiao4396,hello-action-20230707-23-03,24,53,2023-07-07 15:03:46,,,,
MatchFileFragment,Delete the 'Add Your Name Here' prompt in the reflection file,,0,true,false,Found 1 fragment(s) in the reflection.md or the output while expecting exactly 0,mZPZSbWInH7C7NJAM+UA3w==,,allegheny-haunted-classroom,object-oriented-Yanqiao4396,insight-20230629-00,12,55,,Add Your Name Here,,,
MatchFileFragment,Use the append function to add a value to an existing list in fibonacci.py,,1,false,false,Found 0 fragment(s) in the fibonacci.py or the output while expecting at least 1,p5K7+j/WnpdDSeiVoM6iFA==,,allegheny-haunted-classroom,fibonacci-algorithms-Yanqiao4396,hello-action-20230707-22,24,53,2023-07-07 14:38:25,append(,fibonaccicreator/fibonaccicreator/fibonacci.py,,
MatchFileFragment,Use the append function to add a value to an existing list in fibonacci.py,,1,false,false,Found 0 fragment(s) in the fibonacci.py or the output while expecting at least 1,33x/IdA+veSNbwwV+sZAeg==,,allegheny-haunted-classroom,fibonacci-algorithms-Yanqiao4396,hello-action-20230707-22-44,24,53,2023-07-07 14:44:16,append(,fibonaccicreator/fibonaccicreator/fibonacci.py,,
MatchFileFragment,"Complete all TODOs, remove the TODO markers, and rewrite comments for test_fibonacci.py",,0,true,false,Found 2 fragment(s) in the test_fibonacci.py or the output while expecting exactly 0,wC69ew7NwVXVb1dj2hr23w==,,allegheny-haunted-classroom,fibonacci-algorithms-Yanqiao4396,hello-action-20230709-03-58,26,58,2023-07-08 19:58:27,TODO,fibonaccicreator/tests/test_fibonacci.py,,
MatchFileFragment,Import the List type annotation from the typing package in fibonacci.py,,1,false,false,Found 0 fragment(s) in the fibonacci.py or the output while expecting at least 1,wC69ew7NwVXVb1dj2hr23w==,,allegheny-haunted-classroom,fibonacci-algorithms-Yanqiao4396,hello-action-20230709-03-58,26,58,2023-07-08 19:58:27,from typing import List,fibonaccicreator/fibonaccicreator/fibonacci.py,,
MatchFileFragment,"Complete all TODOs, remove the TODO markers, and rewrite comments for main.py",,0,true,false,Found 6 fragment(s) in the main.py or the output while expecting exactly 0,cZdEgIWQoeIofDdrYH/Afg==,,allegheny-college-sandbox,content-search-Yanqiao4396,hello-action-20230629-00,14,54,,TODO,,,
MatchFileFragment,Import the Tuple type annotation from the typing package in fibonacci.py,,1,false,false,Found 0 fragment(s) in the fibonacci.py or the output while expecting at least 1,wC69ew7NwVXVb1dj2hr23w==,,allegheny-haunted-classroom,fibonacci-algorithms-Yanqiao4396,hello-action-20230709-03-58,26,58,2023-07-08 19:58:27,from typing import Tuple,fibonaccicreator/fibonaccicreator/fibonacci.py,,
MatchFileFragment,Return a tuple that only contains the values 0 and 1 inside of it in fibonacci.py,,1,false,false,Found 0 fragment(s) in the fibonacci.py or the output while expecting at least 1,wC69ew7NwVXVb1dj2hr23w==,,allegheny-haunted-classroom,fibonacci-algorithms-Yanqiao4396,hello-action-20230709-03-58,26,58,2023-07-08 19:58:27,"return (0, 1)",fibonaccicreator/fibonaccicreator/fibonacci.py,,
MatchFileFragment,"Complete all TODOs, remove the TODO markers, and rewrite comments for review.md",,0,true,false,Found 1 fragment(s) in the review.md or the output while expecting exactly 0,ZoVZb/cfVDFEZusZmwHoZw==,,allegheny-college-sandbox,branch-write-test-Yanqiao4396,insight-20230629-00,5,83,,TODO,,,
MatchFileFragment,"Complete all TODOs, remove the TODO markers, and rewrite comments for review.md",,0,true,false,Found 1 fragment(s) in the review.md or the output while expecting exactly 0,e3xQoIBn3JNKWAA3CFsBDQ==,,allegheny-college-sandbox,branch-write-test-Yanqiao4396,insight-20230628-23,5,83,,TODO,,,
MatchFileFragment,Delete the 'Add Your Name Here' prompt in the reflection file,,0,true,false,Found 1 fragment(s) in the reflection.md or the output while expecting exactly 0,cZdEgIWQoeIofDdrYH/Afg==,,allegheny-college-sandbox,content-search-Yanqiao4396,hello-action-20230629-00,14,54,,Add Your Name Here,,,
MatchFileFragment,"Complete all TODOs, remove the TODO markers, and rewrite comments for test_fibonacci.py",,0,true,false,Found 2 fragment(s) in the test_fibonacci.py or the output while expecting exactly 0,Rc9Hc3YcbAwPRaxiorY2XA==,,allegheny-haunted-classroom,fibonacci-algorithms-Yanqiao4396,hello-action-20230709-04-35,42,93,2023-07-08 20:35:26,TODO,fibonaccicreator/tests/test_fibonacci.py,,
MatchFileFragment,Use the += operator to create a new tuple and add contents to it in fibonacci.py,,1,false,false,Found 0 fragment(s) in the fibonacci.py or the output while expecting at least 1,p5K7+j/WnpdDSeiVoM6iFA==,,allegheny-haunted-classroom,fibonacci-algorithms-Yanqiao4396,hello-action-20230707-22,24,53,2023-07-07 14:38:25,append(,fibonaccicreator/fibonaccicreator/fibonacci.py,,
MatchFileFragment,Import the List type annotation from the typing package in fibonacci.py,,1,false,false,Found 0 fragment(s) in the fibonacci.py or the output while expecting at least 1,33x/IdA+veSNbwwV+sZAeg==,,allegheny-haunted-classroom,fibonacci-algorithms-Yanqiao4396,hello-action-20230707-22-44,24,53,2023-07-07 14:44:16,from typing import List,fibonaccicreator/fibonaccicreator/fibonacci.py,,
MatchFileFragment,Use the += operator to create a new tuple and add contents to it in fibonacci.py,,1,false,false,Found 0 fragment(s) in the fibonacci.py or the output while expecting at least 1,33x/IdA+veSNbwwV+sZAeg==,,allegheny-haunted-classroom,fibonacci-algorithms-Yanqiao4396,hello-action-20230707-22-44,24,53,2023-07-07 14:44:16,append(,fibonaccicreator/fibonaccicreator/fibonacci.py,,
MatchFileFragment,"Complete all TODOs, remove the TODO markers, and rewrite comments for create-dog-with-dictionary.py",,0,true,false,Found 8 fragment(s) in the create-dog-with-dictionary.py or the output while expecting exactly 0,mZPZSbWInH7C7NJAM+UA3w==,,allegheny-haunted-classroom,object-oriented-Yanqiao4396,insight-20230629-00,12,55,,TODO,,,
MatchFileFragment,Return a tuple that only contains the values 0 and 1 inside of it in fibonacci.py,,1,false,false,Found 0 fragment(s) in the fibonacci.py or the output while expecting at least 1,p5K7+j/WnpdDSeiVoM6iFA==,,allegheny-haunted-classroom,fibonacci-algorithms-Yanqiao4396,hello-action-20230707-22,24,53,2023-07-07 14:38:25,"return (0, 1)",fibonaccicreator/fibonaccicreator/fibonacci.py,,
MatchFileFragment,Import the List type annotation from the typing package in fibonacci.py,,1,false,false,Found 0 fragment(s) in the fibonacci.py or the output while expecting at least 1,p5K7+j/WnpdDSeiVoM6iFA==,,allegheny-haunted-classroom,fibonacci-algorithms-Yanqiao4396,hello-action-20230707-22,24,53,2023-07-07 14:38:25,from typing import List,fibonaccicreator/fibonaccicreator/fibonacci.py,,
MatchFileFragment,Import the Tuple type annotation from the typing package in fibonacci.py,,1,false,false,Found 0 fragment(s) in the fibonacci.py or the output while expecting at least 1,Rc9Hc3YcbAwPRaxiorY2XA==,,allegheny-haunted-classroom,fibonacci-algorithms-Yanqiao4396,hello-action-20230709-04-35,42,93,2023-07-08 20:35:26,from typing import Tuple,fibonaccicreator/fibonaccicreator/fibonacci.py,,
MatchFileFragment,Delete the 'Add Your Name Here' prompt in the reflection file,,0,true,false,Found 1 fragment(s) in the reflection.md or the output while expecting exactly 0,nS+BKKonuI3r3x6z9BOXLw==,,allegheny-haunted-classroom,object-oriented-Yanqiao4396,insight-20230707-22,13,59,2023-07-07 14:57:43,Add Your Name Here,writing/reflection.md,,
MatchFileFragment,"Complete all TODOs, remove the TODO markers, and rewrite comments for test_fibonacci.py",,0,true,false,Found 2 fragment(s) in the test_fibonacci.py or the output while expecting exactly 0,33x/IdA+veSNbwwV+sZAeg==,,allegheny-haunted-classroom,fibonacci-algorithms-Yanqiao4396,hello-action-20230707-22-44,24,53,2023-07-07 14:44:16,TODO,fibonaccicreator/tests/test_fibonacci.py,,
MatchFileFragment,Import the Tuple type annotation from the typing package in fibonacci.py,,1,false,false,Found 0 fragment(s) in the fibonacci.py or the output while expecting at least 1,33x/IdA+veSNbwwV+sZAeg==,,allegheny-haunted-classroom,fibonacci-algorithms-Yanqiao4396,hello-action-20230707-22-44,24,53,2023-07-07 14:44:16,from typing import Tuple,fibonaccicreator/fibonaccicreator/fibonacci.py,,
MatchFileFragment,Import the Tuple type annotation from the typing package in fibonacci.py,,1,false,false,Found 0 fragment(s) in the fibonacci.py or the output while expecting at least 1,p5K7+j/WnpdDSeiVoM6iFA==,,allegheny-haunted-classroom,fibonacci-algorithms-Yanqiao4396,hello-action-20230707-22,24,53,2023-07-07 14:38:25,from typing import Tuple,fibonaccicreator/fibonaccicreator/fibonacci.py,,
MatchFileFragment,Return a tuple that only contains the values 0 and 1 inside of it in fibonacci.py,,1,false,false,Found 0 fragment(s) in the fibonacci.py or the output while expecting at least 1,33x/IdA+veSNbwwV+sZAeg==,,allegheny-haunted-classroom,fibonacci-algorithms-Yanqiao4396,hello-action-20230707-22-44,24,53,2023-07-07 14:44:16,"return (0, 1)",fibonaccicreator/fibonaccicreator/fibonacci.py,,
MatchFileFragment,Use the append function to add a value to an existing list in fibonacci.py,,1,false,false,Found 0 fragment(s) in the fibonacci.py or the output while expecting at least 1,b6vKWo8XetQV73efl+7ZIA==,,allegheny-haunted-classroom,fibonacci-algorithms-Yanqiao4396,hello-action-20230707-23-03,24,53,2023-07-07 15:03:46,append(,fibonaccicreator/fibonaccicreator/fibonacci.py,,
MatchFileFragment,"Complete all TODOs, remove the TODO markers, and rewrite comments for create-dog-with-list.py",,0,true,false,Found 8 fragment(s) in the create-dog-with-list.py or the output while expecting exactly 0,mZPZSbWInH7C7NJAM+UA3w==,,allegheny-haunted-classroom,object-oriented-Yanqiao4396,insight-20230629-00,12,55,,TODO,,,
MatchFileFragment,"Complete all TODOs, remove the TODO markers, and rewrite comments for test_fibonacci.py",,0,true,false,Found 2 fragment(s) in the test_fibonacci.py or the output while expecting exactly 0,2zdwxa4w1RzMTPppmcTgrA==,,allegheny-haunted-classroom,fibonacci-algorithms-Yanqiao4396,hello-action-20230709-04-01,41,91,2023-07-08 20:01:28,TODO,fibonaccicreator/tests/test_fibonacci.py,,
MatchFileFragment,Use the append function to add a value to an existing list in fibonacci.py,,1,false,false,Found 0 fragment(s) in the fibonacci.py or the output while expecting at least 1,wC69ew7NwVXVb1dj2hr23w==,,allegheny-haunted-classroom,fibonacci-algorithms-Yanqiao4396,hello-action-20230709-03-58,26,58,2023-07-08 19:58:27,append(,fibonaccicreator/fibonaccicreator/fibonacci.py,,
MatchFileFragment,Use the += operator to create a new tuple and add contents to it in fibonacci.py,,1,false,false,Found 0 fragment(s) in the fibonacci.py or the output while expecting at least 1,wC69ew7NwVXVb1dj2hr23w==,,allegheny-haunted-classroom,fibonacci-algorithms-Yanqiao4396,hello-action-20230709-03-58,26,58,2023-07-08 19:58:27,append(,fibonaccicreator/fibonaccicreator/fibonacci.py,,
MatchFileFragment,Import the List type annotation from the typing package in fibonacci.py,,1,false,false,Found 0 fragment(s) in the fibonacci.py or the output while expecting at least 1,b6vKWo8XetQV73efl+7ZIA==,,allegheny-haunted-classroom,fibonacci-algorithms-Yanqiao4396,hello-action-20230707-23-03,24,53,2023-07-07 15:03:46,from typing import List,fibonaccicreator/fibonaccicreator/fibonacci.py,,
MatchFileFragment,Use the += operator to create a new tuple and add contents to it in fibonacci.py,,1,false,false,Found 0 fragment(s) in the fibonacci.py or the output while expecting at least 1,b6vKWo8XetQV73efl+7ZIA==,,allegheny-haunted-classroom,fibonacci-algorithms-Yanqiao4396,hello-action-20230707-23-03,24,53,2023-07-07 15:03:46,append(,fibonaccicreator/fibonaccicreator/fibonacci.py,,
MatchFileFragment,"Complete all TODOs, remove the TODO markers, and rewrite comments for test_fibonacci.py",,0,true,false,Found 2 fragment(s) in the test_fibonacci.py or the output while expecting exactly 0,p5K7+j/WnpdDSeiVoM6iFA==,,allegheny-haunted-classroom,fibonacci-algorithms-Yanqiao4396,hello-action-20230707-22,24,53,2023-07-07 14:38:25,TODO,fibonaccicreator/tests/test_fibonacci.py,,
MatchFileFragment,"Complete all TODOs, remove the TODO markers, and rewrite comments for search.py",,0,true,false,Found 7 fragment(s) in the search.py or the output while expecting exactly 0,cZdEgIWQoeIofDdrYH/Afg==,,allegheny-college-sandbox,content-search-Yanqiao4396,hello-action-20230629-00,14,54,,TODO,,,
MatchFileFragment,"Complete all TODOs, remove the TODO markers, and rewrite comments for test_fibonacci.py",,0,true,false,Found 2 fragment(s) in the test_fibonacci.py or the output while expecting exactly 0,b6vKWo8XetQV73efl+7ZIA==,,allegheny-haunted-classroom,fibonacci-algorithms-Yanqiao4396,hello-action-20230707-23-03,24,53,2023-07-07 15:03:46,TODO,fibonaccicreator/tests/test_fibonacci.py,,
MatchFileFragment,Return a tuple that only contains the values 0 and 1 inside of it in fibonacci.py,,1,false,false,Found 0 fragment(s) in the fibonacci.py or the output while expecting at least 1,b6vKWo8XetQV73efl+7ZIA==,,allegheny-haunted-classroom,fibonacci-algorithms-Yanqiao4396,hello-action-20230707-23-03,24,53,2023-07-07 15:03:46,"return (0, 1)",fibonaccicreator/fibonaccicreator/fibonacci.py,,
MatchFileFragment,"Complete all TODOs, remove the TODO markers, and rewrite comments for review.md",,0,true,false,Found 1 fragment(s) in the review.md or the output while expecting exactly 0,inxu6J85kI1o0GMSeSb7NQ==,TODO,allegheny-haunted-classroom,data-abstraction-Yanqiao4396,hello-action-20230707-23,5,83,2023-07-07 15:01:19,TODO,writing/review.md,,
MatchFileFragment,"Complete all TODOs, remove the TODO markers, and rewrite comments for create-dog-with-dictionary.py",,0,true,false,Found 8 fragment(s) in the create-dog-with-dictionary.py or the output while expecting exactly 0,nS+BKKonuI3r3x6z9BOXLw==,,allegheny-haunted-classroom,object-oriented-Yanqiao4396,insight-20230707-22,13,59,2023-07-07 14:57:43,TODO,source/create-dog-with-dictionary.py,,
MatchFileFragment,Import the Tuple type annotation from the typing package in fibonacci.py,,1,false,false,Found 0 fragment(s) in the fibonacci.py or the output while expecting at least 1,b6vKWo8XetQV73efl+7ZIA==,,allegheny-haunted-classroom,fibonacci-algorithms-Yanqiao4396,hello-action-20230707-23-03,24,53,2023-07-07 15:03:46,from typing import Tuple,fibonaccicreator/fibonaccicreator/fibonacci.py,,
MatchFileFragment,"Complete all TODOs, remove the TODO markers, and rewrite comments for review.md",,0,true,false,Found 1 fragment(s) in the review.md or the output while expecting exactly 0,etStjSr28Qe6nwdZLHSAew==,TODO,allegheny-haunted-classroom,data-abstraction-Yanqiao4396,hello-action-20230707-22,5,83,2023-07-07 14:45:35,TODO,writing/review.md,,
CountMultipleLineComments,"Create a sufficient number of docstring (i.e., multiple-line) comments in create-dog-with-dictionary.py",,1,false,false,Found 0 comment(s) in the create-dog-with-dictionary.py or the output,nS+BKKonuI3r3x6z9BOXLw==,,allegheny-haunted-classroom,object-oriented-Yanqiao4396,insight-20230707-22,13,59,2023-07-07 14:57:43,,source/create-dog-with-dictionary.py,Python,
CountMultipleLineComments,"Create a sufficient number of docstring (i.e., multiple-line) comments in create-dog-with-list.py",,1,false,false,Found 0 comment(s) in the create-dog-with-list.py or the output,mZPZSbWInH7C7NJAM+UA3w==,,allegheny-haunted-classroom,object-oriented-Yanqiao4396,insight-20230629-00,12,55,,,,Python,
CountMultipleLineComments,"Create a sufficient number of docstring (i.e., multiple-line) comments in create-dog-with-dictionary.py",,1,false,false,Found 0 comment(s) in the create-dog-with-dictionary.py or the output,mZPZSbWInH7C7NJAM+UA3w==,,allegheny-haunted-classroom,object-oriented-Yanqiao4396,insight-20230629-00,12,55,,,,Python,
CountMultipleLineComments,"Create a sufficient number of docstring (i.e., multiple-line) comments in create-dog-with-list.py",,1,false,false,Found 0 comment(s) in the create-dog-with-list.py or the output,nS+BKKonuI3r3x6z9BOXLw==,,allegheny-haunted-classroom,object-oriented-Yanqiao4396,insight-20230707-22,13,59,2023-07-07 14:57:43,,source/create-dog-with-list.py,Python,
CountMultipleLineComments,"Create a sufficient number of docstring (i.e., multiple-line) comments in create-dog-with-class.py",,2,false,false,Found 0 comment(s) in the create-dog-with-class.py or the output,nS+BKKonuI3r3x6z9BOXLw==,,allegheny-haunted-classroom,object-oriented-Yanqiao4396,insight-20230707-22,13,59,2023-07-07 14:57:43,,source/create-dog-with-class.py,Python,
CountMultipleLineComments,"Create a sufficient number of docstring (i.e., multiple-line) comments in create-dog-with-class.py",,2,false,false,Found 0 comment(s) in the create-dog-with-class.py or the output,mZPZSbWInH7C7NJAM+UA3w==,,allegheny-haunted-classroom,object-oriented-Yanqiao4396,insight-20230629-00,12,55,,,,Python,
CountFileWords,Write a minimum number of meaningful words in the reflection,,500,false,false,Found 279 word(s) in total of file reflection.md,cZdEgIWQoeIofDdrYH/Afg==,,allegheny-college-sandbox,content-search-Yanqiao4396,hello-action-20230629-00,14,54,,,,,
CountMarkdownTags,Confirm that the markdown file has the correct number of fenced code blocks,,4,false,false,Found 0 tag(s) in the reflection.md file,cZdEgIWQoeIofDdrYH/Afg==,,allegheny-college-sandbox,content-search-Yanqiao4396,hello-action-20230629-00,14,54,,,,,code_block
CountMarkdownTags,Confirm that the markdown file has the correct number of fenced code blocks,,7,false,false,Found 0 tag(s) in the reflection.md file,33x/IdA+veSNbwwV+sZAeg==,reflection,allegheny-haunted-classroom,fibonacci-algorithms-Yanqiao4396,hello-action-20230707-22-44,24,53,2023-07-07 14:44:16,,writing/reflection.md,,code_block
CountMarkdownTags,Confirm that the markdown file has the correct number of fenced code blocks,,7,false,false,Found 0 tag(s) in the reflection.md file,p5K7+j/WnpdDSeiVoM6iFA==,reflection,allegheny-haunted-classroom,fibonacci-algorithms-Yanqiao4396,hello-action-20230707-22,24,53,2023-07-07 14:38:25,,writing/reflection.md,,code_block
CountMarkdownTags,Confirm that the markdown file has the correct number of fenced code blocks,,10,false,false,Found 0 tag(s) in the reflection.md file,33x/IdA+veSNbwwV+sZAeg==,meet minimal,allegheny-haunted-classroom,fibonacci-algorithms-Yanqiao4396,hello-action-20230707-22-44,24,53,2023-07-07 14:44:16,,writing/reflection.md,,code_block
CountMarkdownTags,Confirm that the markdown file has the correct number of fenced code blocks,,3,false,false,Found 0 tag(s) in the reflection.md file,mZPZSbWInH7C7NJAM+UA3w==,,allegheny-haunted-classroom,object-oriented-Yanqiao4396,insight-20230629-00,12,55,,,,,code_block
CountMarkdownTags,Confirm that the markdown file has the correct number of fenced code blocks,,10,false,false,Found 0 tag(s) in the reflection.md file,2zdwxa4w1RzMTPppmcTgrA==,meet minimal,allegheny-haunted-classroom,fibonacci-algorithms-Yanqiao4396,hello-action-20230709-04-01,41,91,2023-07-08 20:01:28,,writing/reflection.md,,code_block
CountMarkdownTags,Confirm that the markdown file has the correct number of fenced code blocks,,10,false,false,Found 0 tag(s) in the reflection.md file,b6vKWo8XetQV73efl+7ZIA==,meet minimal,allegheny-haunted-classroom,fibonacci-algorithms-Yanqiao4396,hello-action-20230707-23-03,24,53,2023-07-07 15:03:46,,writing/reflection.md,,code_block
CountMarkdownTags,Confirm that the markdown file has the correct number of fenced code blocks,,7,false,false,Found 0 tag(s) in the reflection.md file,2zdwxa4w1RzMTPppmcTgrA==,reflection,allegheny-haunted-classroom,fibonacci-algorithms-Yanqiao4396,hello-action-20230709-04-01,41,91,2023-07-08 20:01:28,,writing/reflection.md,,code_block
CountMarkdownTags,Confirm that the markdown file has the correct number of fenced code blocks,,7,false,false,Found 0 tag(s) in the reflection.md file,b6vKWo8XetQV73efl+7ZIA==,reflection,allegheny-haunted-classroom,fibonacci-algorithms-Yanqiao4396,hello-action-20230707-23-03,24,53,2023-07-07 15:03:46,,writing/reflection.md,,code_block
CountMarkdownTags,Confirm that the markdown file has the correct number of fenced code blocks,,10,false,false,Found 0 tag(s) in the reflection.md file,p5K7+j/WnpdDSeiVoM6iFA==,meet minimal,allegheny-haunted-classroom,fibonacci-algorithms-Yanqiao4396,hello-action-20230707-22,24,53,2023-07-07 14:38:25,,writing/reflection.md,,code_block
CountMarkdownTags,Confirm that the markdown file has the correct number of fenced code blocks,,10,false,false,Found 0 tag(s) in the reflection.md file,wC69ew7NwVXVb1dj2hr23w==,meet minimal,allegheny-haunted-classroom,fibonacci-algorithms-Yanqiao4396,hello-action-20230709-03-58,26,58,2023-07-08 19:58:27,,writing/reflection.md,,code_block
CountMarkdownTags,Confirm that the markdown file has the correct number of fenced code blocks,,7,false,false,Found 0 tag(s) in the reflection.md file,wC69ew7NwVXVb1dj2hr23w==,reflection,allegheny-haunted-classroom,fibonacci-algorithms-Yanqiao4396,hello-action-20230709-03-58,26,58,2023-07-08 19:58:27,,writing/reflection.md,,code_block
CountMarkdownTags,Confirm that the markdown file has the correct number of fenced code blocks,,3,false,false,Found 0 tag(s) in the reflection.md file,nS+BKKonuI3r3x6z9BOXLw==,,allegheny-haunted-classroom,object-oriented-Yanqiao4396,insight-20230707-22,13,59,2023-07-07 14:57:43,,writing/reflection.md,,code_block
CountSingleLineComments,Create a sufficient number of single-line comments in test_search.py,,5,false,false,Found 0 comment(s) in the test_search.py or the output,cZdEgIWQoeIofDdrYH/Afg==,,allegheny-college-sandbox,content-search-Yanqiao4396,hello-action-20230629-00,14,54,,,,Python,
MatchCommandFragment,Run the fibonaccicreator program and ensure that it produces a correct numerical output label,cd fibonaccicreator && poetry run fibonaccicreator --number 1000 --approach iterativelist,1,false,false,Found 0 fragment(s) in the file or the output while expecting at least 1,wC69ew7NwVXVb1dj2hr23w==,list,allegheny-haunted-classroom,fibonacci-algorithms-Yanqiao4396,hello-action-20230709-03-58,26,58,2023-07-08 19:58:27,1000th,,,
MatchCommandFragment,Run the fibonaccicreator program and ensure that it produces a correct numerical output label,cd fibonaccicreator && poetry run fibonaccicreator --number 1000 --approach iterativetuple,1,false,false,Found 0 fragment(s) in the file or the output while expecting at least 1,wC69ew7NwVXVb1dj2hr23w==,tuple,allegheny-haunted-classroom,fibonacci-algorithms-Yanqiao4396,hello-action-20230709-03-58,26,58,2023-07-08 19:58:27,1000th,,,
MatchCommandFragment,Run the fibonaccicreator program and ensure that it produces a correct numerical output label,cd fibonaccicreator && poetry run fibonaccicreator --number 1000 --approach iterativetuple,1,false,false,Found 0 fragment(s) in the file or the output while expecting at least 1,b6vKWo8XetQV73efl+7ZIA==,tuple,allegheny-haunted-classroom,fibonacci-algorithms-Yanqiao4396,hello-action-20230707-23-03,24,53,2023-07-07 15:03:46,1000th,,,
MatchCommandFragment,Run the fibonaccicreator program and ensure that it produces a correct numerical output label,cd fibonaccicreator && poetry run fibonaccicreator --number 1000 --approach iterativelist,1,false,false,Found 0 fragment(s) in the file or the output while expecting at least 1,p5K7+j/WnpdDSeiVoM6iFA==,list,allegheny-haunted-classroom,fibonacci-algorithms-Yanqiao4396,hello-action-20230707-22,24,53,2023-07-07 14:38:25,1000th,,,
MatchCommandFragment,Run the fibonaccicreator program and ensure that it produces a correct numerical output label,cd fibonaccicreator && poetry run fibonaccicreator --number 1000 --approach iterativelist,1,false,false,Found 0 fragment(s) in the file or the output while expecting at least 1,33x/IdA+veSNbwwV+sZAeg==,list,allegheny-haunted-classroom,fibonacci-algorithms-Yanqiao4396,hello-action-20230707-22-44,24,53,2023-07-07 14:44:16,1000th,,,
MatchCommandFragment,Run the fibonaccicreator program and ensure that it produces a correct numerical output label,cd fibonaccicreator && poetry run fibonaccicreator --number 1000 --approach iterativetuple,1,false,false,Found 0 fragment(s) in the file or the output while expecting at least 1,33x/IdA+veSNbwwV+sZAeg==,tuple,allegheny-haunted-classroom,fibonacci-algorithms-Yanqiao4396,hello-action-20230707-22-44,24,53,2023-07-07 14:44:16,1000th,,,
MatchCommandFragment,Run the fibonaccicreator program and ensure that it produces a correct numerical output label,cd fibonaccicreator && poetry run fibonaccicreator --number 1000 --approach iterativetuple,1,false,false,Found 0 fragment(s) in the file or the output while expecting at least 1,p5K7+j/WnpdDSeiVoM6iFA==,tuple,allegheny-haunted-classroom,fibonacci-algorithms-Yanqiao4396,hello-action-20230707-22,24,53,2023-07-07 14:38:25,1000th,,,
MatchCommandFragment,Run the fibonaccicreator program and ensure that it produces a correct numerical output label,cd fibonaccicreator && poetry run fibonaccicreator --number 1000 --approach iterativelist,1,false,false,Found 0 fragment(s) in the file or the output while expecting at least 1,b6vKWo8XetQV73efl+7ZIA==,list,allegheny-haunted-classroom,fibonacci-algorithms-Yanqiao4396,hello-action-20230707-23-03,24,53,2023-07-07 15:03:46,1000th,,,
